,Date,Time,Race,Gender,Body_Size,Age_Range,With_Kids,Kids_Category,Basket_Size,Basket_colour,Attire,Shirt_Colour,shirt_type,Pants_Colour,pants_type,Wash_Item,Washer_No,Dryer_No,Spectacles,Day,Time_Range
0,7,20,4,1,2,1,2,4,1,9,1,2,2,1,2,2,0,0,0,1,3
1,7,20,3,2,3,1,1,2,1,4,1,5,2,2,1,1,3,3,0,1,3
2,7,20,4,1,2,0,1,2,1,2,1,9,2,1,1,1,1,0,0,1,3
3,7,21,3,2,3,3,1,2,1,1,1,3,2,11,2,2,2,3,0,1,3
4,7,21,3,2,2,1,1,2,1,2,1,2,2,10,1,2,0,3,0,1,3
5,7,23,3,2,1,2,1,2,2,10,1,3,1,2,1,2,1,2,0,1,3
6,7,23,3,1,1,2,1,2,1,7,3,2,1,1,1,2,2,0,0,1,3
7,8,0,3,2,3,2,1,1,1,2,1,7,2,3,1,2,0,3,0,5,1
8,8,0,3,2,3,0,1,2,2,8,1,10,2,1,2,2,3,0,0,5,1
9,8,1,1,2,2,1,1,2,2,7,1,10,2,2,2,1,2,1,0,5,1
10,8,3,2,1,2,2,1,2,1,9,1,1,2,5,2,2,1,2,0,5,1
11,8,7,3,2,2,1,1,2,1,2,1,3,2,2,1,2,1,2,0,5,1
12,8,7,4,1,2,1,1,2,1,2,1,2,1,2,1,2,0,1,0,5,1
13,8,9,4,2,2,2,1,2,1,11,1,11,2,1,1,2,0,3,1,5,2
14,8,10,4,1,2,3,1,4,1,9,1,6,1,5,1,2,0,2,1,5,2
15,8,10,4,2,3,1,1,2,1,3,2,4,1,3,1,2,2,3,0,5,2
16,8,10,4,1,3,3,2,3,1,5,1,3,1,5,1,2,1,1,0,5,2
17,8,10,4,2,1,1,2,3,1,2,1,5,1,5,1,2,2,3,0,5,2
18,8,11,4,1,1,3,2,2,1,2,3,6,1,6,1,2,3,1,1,5,2
19,8,11,4,1,2,2,2,4,1,7,1,4,1,5,1,2,2,0,0,5,2
20,8,11,3,2,1,1,1,2,1,1,1,9,2,5,1,2,0,0,0,5,2
21,8,11,2,2,2,3,2,1,1,7,2,9,1,1,1,2,2,3,0,5,2
22,8,11,4,1,1,1,2,4,1,10,1,9,1,2,1,1,0,1,0,5,2
23,8,13,1,1,3,0,1,2,2,10,1,6,2,1,1,1,0,1,1,5,0
24,8,12,1,1,2,2,1,2,1,10,1,1,2,1,1,2,2,1,0,5,2
25,8,13,1,1,2,2,1,2,2,6,1,1,2,1,1,2,0,2,0,5,0
26,8,13,1,2,2,2,1,2,1,10,1,1,2,3,1,2,3,3,0,5,0
27,8,14,1,2,3,1,2,4,1,5,1,5,1,10,2,1,2,3,1,5,0
28,8,14,3,2,1,1,1,2,1,2,1,1,1,2,1,2,1,0,0,5,0
29,8,14,3,2,3,2,1,2,1,8,1,1,2,2,1,1,3,3,0,5,0
30,8,15,4,1,1,1,1,2,1,8,1,8,1,1,1,2,0,1,0,5,0
31,8,15,1,1,3,1,2,3,1,7,1,10,2,10,2,2,2,3,1,5,0
32,8,15,2,2,2,2,1,2,1,2,1,1,2,1,1,2,0,2,0,5,0
33,8,16,4,1,1,3,1,2,1,8,1,8,1,1,1,2,0,1,0,5,0
34,8,16,1,2,3,2,1,2,1,9,1,6,2,1,1,2,1,1,0,5,0
35,8,18,4,1,3,2,1,2,2,10,1,10,2,5,1,2,3,0,0,5,0
36,8,18,4,2,1,1,1,2,1,2,2,10,2,3,1,2,1,1,1,5,0
37,8,18,1,1,3,1,1,2,2,4,1,5,2,5,2,2,2,3,0,5,0
38,8,18,4,1,3,2,1,2,1,9,2,6,1,1,1,2,2,0,0,5,0
39,8,18,4,1,2,1,1,2,1,9,3,4,1,4,1,2,1,3,1,5,0
40,8,18,4,1,1,1,1,2,1,9,3,3,1,3,1,2,2,3,0,5,0
41,8,20,4,1,1,1,1,2,1,2,1,5,1,1,1,1,1,2,0,5,3
42,8,20,4,2,3,1,1,2,1,9,1,1,2,2,1,2,1,0,1,5,3
43,8,20,4,1,2,3,1,2,1,3,1,2,2,9,1,2,3,3,0,5,3
44,8,20,3,1,2,2,1,2,1,2,2,5,1,1,1,1,0,1,0,5,3
45,8,20,4,1,2,3,1,2,1,1,1,9,1,9,1,1,3,2,0,5,3
46,8,20,3,2,1,2,1,2,1,8,1,9,2,1,2,2,2,1,0,5,3
47,8,20,4,1,1,0,1,2,1,2,1,7,1,3,1,1,0,3,1,5,3
48,8,21,3,2,2,2,1,2,1,9,1,1,2,2,2,2,1,2,0,5,3
49,8,21,3,2,1,2,1,2,1,9,1,4,2,2,2,2,2,0,0,5,3
50,8,21,4,1,1,2,2,3,1,6,1,1,2,1,1,1,2,3,0,5,3
51,8,22,3,1,1,2,1,2,2,10,3,9,2,1,1,2,2,1,0,5,3
52,8,22,2,2,2,3,1,2,1,10,1,10,2,1,1,2,0,3,0,5,3
53,8,22,2,2,3,1,1,2,1,11,1,10,2,1,1,2,0,2,0,5,3
54,8,22,1,1,3,1,1,2,1,4,1,2,1,11,2,2,3,1,0,5,3
55,8,22,4,2,3,3,2,4,1,10,2,3,1,2,1,2,3,2,0,5,3
56,8,22,4,2,3,0,2,3,1,1,1,10,2,2,1,2,0,0,0,5,3
57,8,22,3,2,1,2,1,2,1,2,1,10,2,1,1,2,3,0,0,5,3
58,8,22,3,1,1,0,2,4,2,10,3,3,2,2,1,2,2,2,0,5,3
59,8,22,4,1,3,2,2,3,1,1,1,5,2,5,1,2,0,2,0,5,3
60,8,22,4,1,2,3,1,2,2,6,1,1,2,5,1,2,0,3,0,5,3
61,8,22,4,2,3,0,2,3,1,8,1,10,2,2,1,2,1,0,0,5,3
62,8,22,3,1,2,3,2,1,1,10,1,2,2,3,2,2,0,3,0,5,3
63,8,23,3,2,3,1,1,2,2,11,1,6,2,1,1,1,2,0,0,5,3
64,8,23,3,2,2,2,1,2,2,10,2,2,1,1,1,1,3,0,1,5,3
65,8,23,4,2,3,2,1,2,2,9,1,3,1,2,1,1,1,2,0,5,3
66,8,0,4,1,2,2,1,2,1,7,2,9,1,1,1,1,0,1,0,5,1
67,9,2,3,2,3,0,1,2,2,10,1,1,2,10,2,2,3,1,0,6,1
68,9,7,3,1,1,2,1,2,2,2,1,2,2,10,1,2,1,2,0,6,1
69,9,7,1,1,2,3,1,2,1,9,1,2,2,3,1,2,0,1,0,6,1
70,9,11,1,1,3,2,1,2,1,11,1,5,2,10,1,2,0,2,0,6,2
71,9,11,4,2,2,1,1,2,1,2,1,6,2,2,1,2,1,2,1,6,2
72,9,11,4,2,2,0,1,2,1,9,1,5,2,3,1,2,2,2,0,6,2
73,9,12,1,2,3,1,1,2,2,10,1,9,2,2,1,2,0,3,1,6,2
74,9,12,1,1,2,1,1,2,1,10,1,1,2,5,1,2,2,2,0,6,2
75,9,12,4,1,3,1,1,2,1,9,1,2,1,1,1,2,2,0,0,6,2
76,9,12,1,2,3,3,1,2,1,10,1,9,2,1,1,2,0,2,0,6,2
77,9,13,4,1,3,1,1,2,1,9,1,2,1,1,1,2,3,0,0,6,0
78,9,13,4,2,2,3,1,2,2,10,1,4,2,2,1,2,2,1,0,6,0
79,9,14,1,1,1,2,1,2,1,2,1,5,1,10,1,2,0,0,1,6,0
80,9,14,4,2,1,1,2,3,1,10,1,5,2,1,1,2,0,1,0,6,0
81,9,14,4,1,2,2,2,4,1,2,3,4,1,10,1,2,2,3,1,6,0
82,9,14,1,1,3,1,1,2,1,1,1,9,2,3,1,2,0,3,0,6,0
83,9,15,2,1,2,2,2,3,1,2,3,8,1,8,1,1,1,2,0,6,0
84,9,16,1,2,2,3,1,2,1,10,1,7,2,11,2,2,1,3,0,6,0
85,9,19,4,1,1,1,1,2,1,2,3,3,1,3,1,2,3,2,0,6,0
86,9,19,4,1,2,3,1,2,1,10,3,8,1,8,1,2,1,1,1,6,0
87,9,19,3,2,2,2,1,2,1,1,1,1,2,2,1,2,0,1,0,6,0
88,9,21,4,2,3,3,1,2,1,1,3,3,1,3,1,2,3,0,0,6,3
89,9,21,4,2,3,1,1,2,1,10,1,1,2,1,1,2,3,2,0,6,3
90,9,21,1,2,2,1,1,2,1,2,1,2,2,9,2,2,2,3,1,6,3
91,9,21,3,2,3,1,1,2,1,10,2,10,1,1,1,2,0,1,0,6,3
92,10,7,4,1,2,2,1,2,1,11,3,10,1,10,1,2,1,2,0,4,1
93,10,9,4,1,1,1,1,2,1,10,3,2,1,1,1,2,2,1,0,4,2
94,10,9,4,1,2,3,1,2,1,2,2,5,1,1,1,2,1,2,0,4,2
95,10,9,1,1,3,2,1,2,1,2,1,7,2,1,1,1,1,1,0,4,2
96,10,10,4,2,2,3,1,2,1,6,1,5,2,11,1,2,0,2,1,4,2
97,10,10,4,1,3,2,1,2,1,2,1,3,1,1,1,2,2,3,0,4,2
98,10,10,4,1,3,2,1,2,1,1,1,9,2,10,1,2,0,2,1,4,2
99,10,13,2,1,2,2,1,2,1,10,1,10,2,10,1,2,2,0,0,4,0
100,10,13,4,1,1,3,1,2,1,2,2,7,1,1,1,2,0,1,0,4,0
101,10,13,4,2,1,2,1,2,1,4,1,4,2,1,1,2,0,0,0,4,0
102,10,14,4,2,2,3,1,2,2,10,1,3,2,5,1,2,1,2,1,4,0
103,10,15,4,1,1,1,1,2,2,4,1,9,1,8,1,2,1,1,0,4,0
104,10,15,4,1,1,1,1,2,1,2,1,4,1,1,1,2,3,0,0,4,0
105,10,18,3,2,1,2,1,2,1,10,1,11,2,5,2,2,2,1,0,4,0
106,10,19,1,1,3,2,2,1,1,2,1,1,2,1,1,2,0,0,0,4,0
107,10,20,2,2,2,3,1,2,1,2,1,1,2,1,1,2,0,1,0,4,3
108,10,20,1,2,3,2,1,2,1,1,1,1,2,2,1,1,2,2,0,4,3
109,10,22,3,2,2,1,1,2,1,10,1,4,2,3,2,2,0,3,0,4,3
110,10,22,1,1,3,1,1,2,1,2,1,10,2,3,2,2,0,3,0,4,3
111,10,23,3,2,1,2,1,2,1,1,1,2,2,1,2,2,3,1,0,4,3
112,11,1,1,1,1,0,2,3,1,9,1,9,2,4,1,2,3,0,0,0,1
113,11,1,1,2,1,1,1,2,1,11,1,3,2,1,1,2,0,2,1,0,1
114,11,1,3,1,1,1,1,2,1,10,1,5,2,1,1,2,0,0,0,0,1
115,11,2,4,2,1,1,1,2,1,9,1,2,2,5,1,2,2,1,0,0,1
116,11,4,3,2,2,1,1,2,1,11,2,10,2,1,1,2,2,2,0,0,1
117,11,7,4,1,1,3,2,1,1,9,1,10,2,1,1,2,2,1,1,0,1
118,11,7,4,2,1,1,1,2,1,9,1,9,1,3,2,2,0,1,0,0,1
119,11,10,3,2,3,2,1,2,1,9,2,10,2,1,1,2,2,3,1,0,2
120,11,11,4,2,1,3,2,1,1,5,1,9,2,3,1,2,0,3,0,0,2
121,11,11,4,1,2,3,2,3,1,3,2,7,1,1,1,2,1,1,0,0,2
122,11,11,3,2,2,1,1,2,2,4,2,10,2,1,1,2,0,3,0,0,2
123,11,11,4,2,2,1,1,2,1,6,2,4,2,5,1,2,1,0,0,0,2
124,11,12,4,1,1,3,1,2,1,2,1,1,1,1,1,2,3,0,0,0,2
125,11,12,3,1,1,0,1,2,1,10,1,1,2,5,1,1,1,0,0,0,2
126,11,12,4,2,1,0,1,2,1,3,1,1,2,1,1,2,0,2,0,0,2
127,11,12,3,2,3,2,1,2,1,9,1,1,2,9,2,1,1,2,1,0,2
128,11,12,4,1,3,3,1,2,1,2,1,2,1,2,2,2,2,2,0,0,2
129,11,12,4,1,1,1,1,2,1,1,1,1,2,1,1,2,3,2,0,0,2
130,11,15,4,1,3,1,1,2,1,10,1,9,2,2,1,2,0,1,0,0,0
131,11,16,2,1,2,1,1,2,1,10,2,5,1,5,1,2,3,3,0,0,0
132,11,16,3,1,1,1,1,2,1,5,1,5,1,1,1,2,1,3,0,0,0
133,11,16,4,1,3,0,2,1,1,10,1,2,1,1,1,1,1,3,0,0,0
134,11,16,4,1,2,2,1,2,1,4,3,2,1,2,1,2,1,1,1,0,0
135,11,17,4,1,2,2,2,3,1,10,1,9,2,2,1,2,3,0,0,0,0
136,11,17,4,1,1,2,1,2,1,2,1,3,2,10,1,2,2,3,0,0,0
137,11,19,1,1,2,0,1,2,1,10,1,4,2,1,1,2,3,1,0,0,0
138,11,19,1,2,2,2,1,2,1,2,1,10,2,1,1,2,0,3,0,0,0
139,11,20,1,1,2,1,1,2,1,10,1,4,2,2,1,1,2,1,0,0,3
140,11,20,2,2,3,2,1,2,1,3,1,9,1,5,1,2,3,3,0,0,3
141,11,21,2,1,3,2,1,4,1,2,1,1,2,1,1,2,0,3,0,0,3
142,11,21,4,1,2,2,2,3,1,9,1,6,1,1,1,1,1,1,0,0,3
143,11,22,3,1,2,1,2,4,1,9,1,8,2,1,1,2,1,0,0,0,3
144,11,22,1,1,3,2,1,2,1,2,1,7,2,3,1,2,2,3,1,0,3
145,11,23,4,2,1,1,1,2,1,2,1,2,2,1,1,2,0,1,0,0,3
146,13,0,1,2,1,1,1,2,1,9,1,2,2,4,2,2,0,3,1,2,1
147,13,0,4,1,3,0,2,1,1,2,1,9,2,5,1,2,0,3,0,2,1
148,13,1,4,2,1,3,1,2,1,9,1,10,2,1,1,1,0,1,1,2,1
149,13,6,4,2,3,1,1,2,1,9,1,11,1,1,1,2,1,1,1,2,1
150,13,6,1,1,2,1,1,2,1,9,1,8,2,1,1,2,3,3,0,2,1
151,13,8,3,2,1,1,1,2,1,1,1,10,1,3,1,2,1,0,0,2,2
152,13,9,3,1,3,2,1,2,1,4,1,3,2,5,1,1,3,3,0,2,2
153,13,9,4,1,3,2,1,2,1,9,1,3,1,3,1,1,0,1,0,2,2
154,13,9,4,1,2,2,1,2,1,9,1,9,1,3,1,2,3,3,0,2,2
155,13,9,4,1,3,2,1,2,1,9,1,4,1,9,1,2,3,2,0,2,2
156,13,9,4,2,1,3,1,2,2,10,1,2,1,1,1,1,3,0,0,2,2
157,13,10,1,1,3,3,1,2,1,9,1,7,2,3,2,1,3,3,0,2,2
158,13,10,4,2,3,2,2,3,1,1,1,1,2,2,1,2,1,0,0,2,2
159,13,10,3,1,1,2,1,2,1,2,1,3,1,1,1,2,2,2,0,2,2
160,13,10,4,1,1,2,1,2,1,2,1,5,2,1,1,2,1,3,0,2,2
161,13,11,4,1,2,2,2,4,1,9,1,1,2,9,1,2,1,1,0,2,2
162,13,11,4,2,1,2,2,4,1,2,1,6,2,5,2,2,3,0,0,2,2
163,13,11,3,1,2,1,1,2,1,9,1,5,2,3,2,1,3,1,0,2,2
164,13,12,3,1,1,1,1,2,1,1,1,2,1,1,1,2,0,1,0,2,2
165,13,12,1,2,3,3,2,1,1,2,1,1,2,5,1,1,3,1,1,2,2
166,13,12,1,2,2,3,1,2,2,10,1,9,2,3,2,2,3,0,0,2,2
167,13,13,1,2,3,3,1,2,1,1,1,9,2,2,1,2,3,1,0,2,0
168,13,13,4,1,1,1,1,2,1,9,1,2,2,3,1,2,1,2,1,2,0
169,13,13,4,1,3,3,1,2,1,5,1,9,2,1,1,2,2,3,0,2,0
170,13,13,4,1,2,2,1,2,1,10,1,4,1,10,1,2,1,2,0,2,0
171,13,14,4,2,2,1,1,2,1,9,1,3,2,10,1,2,1,0,0,2,0
172,13,14,3,1,2,3,1,2,2,10,1,5,2,1,1,2,2,0,0,2,0
173,13,14,2,2,3,2,1,2,1,5,1,2,2,1,1,2,3,1,0,2,0
174,13,14,1,2,2,1,1,2,1,1,1,9,1,1,2,1,0,3,1,2,0
175,13,14,2,1,3,2,1,2,1,1,1,6,2,1,1,2,1,2,0,2,0
176,13,15,3,2,1,1,1,2,1,3,2,6,1,1,1,1,1,1,1,2,0
177,13,15,4,1,3,2,1,2,1,2,1,2,1,3,1,1,3,2,0,2,0
178,13,15,4,2,1,1,1,2,1,2,1,1,2,2,1,2,2,0,0,2,0
179,13,15,1,1,3,3,1,2,1,9,1,10,2,1,1,2,0,2,0,2,0
180,13,15,1,2,2,1,1,2,1,10,1,1,2,5,1,2,1,1,1,2,0
181,13,17,3,1,2,1,1,2,1,6,2,9,1,2,1,2,2,0,0,2,0
182,13,17,3,1,3,3,2,4,1,9,1,10,2,1,1,2,2,1,0,2,0
183,13,17,3,1,2,1,1,2,1,1,1,5,2,2,2,1,3,0,0,2,0
184,13,18,3,1,2,2,1,2,1,2,1,6,2,2,1,2,0,1,0,2,0
185,13,19,3,1,3,1,1,2,1,1,1,10,1,1,1,1,2,0,1,2,0
186,13,19,4,2,3,2,1,2,1,6,1,9,2,1,1,2,0,1,1,2,0
187,13,19,1,1,2,1,1,2,1,6,1,1,2,10,1,2,1,0,0,2,0
188,13,20,4,2,3,2,1,2,1,2,1,1,2,2,1,1,1,3,0,2,3
189,13,20,1,1,3,3,1,2,1,2,1,1,2,10,1,2,1,2,0,2,3
190,13,20,4,1,1,0,1,2,1,7,1,5,1,2,1,2,0,2,1,2,3
191,13,20,4,1,1,2,1,2,1,1,1,2,2,1,1,2,2,1,0,2,3
192,13,20,4,1,1,3,1,2,1,10,1,2,2,3,1,2,0,1,1,2,3
193,13,21,3,2,3,2,1,2,1,10,1,9,2,4,1,2,3,3,0,2,3
194,13,21,4,1,1,1,1,2,1,5,1,9,1,5,1,2,3,3,0,2,3
195,13,21,4,1,3,3,1,2,1,1,1,5,2,3,1,2,2,2,1,2,3
196,13,21,4,1,3,1,1,2,1,2,1,9,1,5,1,2,1,2,0,2,3
197,13,21,4,2,1,2,1,2,1,2,1,1,2,1,1,2,0,1,1,2,3
198,13,23,1,1,3,1,1,2,1,6,2,10,2,2,1,2,3,2,0,2,3
199,13,23,3,2,3,2,1,2,1,2,1,2,2,3,2,1,1,0,0,2,3
200,13,23,1,2,3,1,1,2,1,1,1,5,2,2,2,2,0,2,0,2,3
201,15,0,4,2,1,1,1,2,1,1,1,9,2,1,1,1,1,1,0,3,1
202,15,0,4,2,1,2,1,2,1,5,1,5,2,9,1,2,3,0,1,3,1
203,15,1,1,1,1,3,1,2,1,3,1,1,2,1,1,1,0,1,0,3,1
204,15,8,1,2,2,1,1,2,1,9,1,10,2,2,1,2,1,0,1,3,2
205,15,8,1,1,3,0,1,2,1,2,1,7,2,7,2,2,0,0,1,3,2
206,15,8,4,2,1,3,1,2,2,9,1,6,2,2,1,2,1,2,1,3,2
207,17,8,4,1,2,2,1,2,1,8,1,2,1,1,1,2,3,0,1,1,2
208,17,8,4,2,3,0,1,2,2,9,1,6,2,10,1,2,3,3,1,1,2
209,17,8,4,1,1,0,1,2,1,10,1,8,1,7,1,2,2,2,0,1,2
210,17,8,4,2,2,2,2,1,1,4,1,1,2,5,1,2,0,3,0,1,2
211,17,9,3,2,2,2,1,2,1,10,1,1,2,2,1,2,3,1,0,1,2
212,21,21,1,1,2,2,1,2,2,1,1,8,2,8,1,2,3,2,0,4,3
213,21,21,2,1,1,1,1,2,1,1,1,9,2,3,2,2,2,0,0,4,3
214,21,21,4,2,1,1,1,2,2,5,1,5,1,2,2,2,0,2,0,4,3
215,21,21,2,1,1,2,1,2,1,8,1,4,2,1,1,2,3,0,0,4,3
216,21,21,3,1,1,1,2,4,1,1,2,7,2,5,1,2,3,3,0,4,3
217,21,21,4,1,1,2,1,2,1,5,1,1,1,10,1,2,1,0,0,4,3
218,21,21,1,2,1,1,1,2,1,1,1,3,2,5,2,2,3,2,0,4,3
219,21,21,4,1,2,2,1,2,1,10,1,1,1,1,1,2,3,1,0,4,3
220,21,22,3,2,1,1,1,2,1,9,1,2,2,10,1,2,3,0,0,4,3
221,23,18,4,2,3,2,1,2,1,4,2,5,1,1,1,2,2,2,0,0,0
222,0,6,3,1,1,2,1,2,1,9,1,1,2,2,1,2,1,0,0,3,1
223,0,7,4,1,3,2,1,2,1,2,1,7,1,4,1,2,3,0,1,3,1
224,0,7,3,2,3,3,1,2,1,11,1,9,2,8,1,2,1,2,0,3,1
225,0,8,4,2,1,0,2,4,1,1,1,5,2,2,1,2,3,3,0,3,2
226,1,13,3,2,3,2,1,2,1,10,2,6,1,1,1,2,0,3,0,1,0
227,1,13,3,2,2,2,1,2,1,1,1,1,2,1,1,2,3,0,0,1,0
228,1,14,4,1,1,1,1,2,1,9,1,3,2,1,1,2,0,1,0,1,0
229,1,14,4,1,3,3,1,2,1,10,2,1,1,1,1,2,3,1,0,1,0
230,1,14,4,2,1,2,1,2,2,10,1,10,2,10,1,2,3,2,0,1,0
231,1,14,4,2,2,3,1,2,1,6,1,1,2,5,1,2,0,1,0,1,0
232,1,15,3,1,3,1,1,2,1,9,1,2,1,1,1,2,1,2,0,1,0
233,1,15,3,1,3,2,1,2,1,2,1,1,2,5,1,2,0,1,0,1,0
234,1,17,4,1,1,2,1,2,1,9,3,7,1,10,1,2,3,3,1,1,0
235,1,17,4,1,1,1,1,2,1,9,3,9,1,9,1,2,2,3,1,1,0
236,1,17,4,1,1,3,1,2,1,9,3,8,1,8,1,2,0,1,0,1,0
237,1,17,4,1,3,0,1,2,1,7,3,8,1,8,1,2,2,0,1,1,0
238,1,17,3,1,3,0,1,2,1,5,1,3,2,1,1,1,1,2,0,1,0
239,1,18,4,2,1,1,1,2,1,2,1,1,2,5,1,1,2,3,0,1,0
240,1,18,2,2,2,2,1,2,1,3,1,4,1,2,1,2,3,1,0,1,0
241,1,18,3,2,3,2,1,2,1,9,1,6,2,1,1,2,2,1,0,1,0
242,1,18,4,1,3,1,1,2,2,7,3,8,1,8,1,2,0,0,0,1,0
243,1,19,4,1,2,1,1,2,1,1,1,2,1,1,1,2,3,1,0,1,0
244,1,19,4,2,1,1,1,2,1,2,1,1,2,5,1,2,2,3,0,1,0
245,1,19,4,1,1,1,1,2,1,2,1,4,1,5,1,2,0,1,0,1,0
246,1,19,3,1,2,3,1,2,1,4,1,6,2,1,2,2,2,2,0,1,0
247,1,19,1,2,1,3,1,2,1,2,1,3,2,10,2,2,0,1,0,1,0
248,1,19,4,1,2,1,1,2,1,2,1,10,2,9,2,2,0,0,0,1,0
249,1,19,2,2,3,1,1,2,2,3,1,5,2,3,2,2,2,0,0,1,0
250,1,19,2,2,2,1,1,2,1,4,1,4,2,2,1,2,0,2,0,1,0
251,1,20,4,2,1,3,1,2,1,6,3,4,1,3,1,2,3,3,1,1,3
252,1,20,4,1,1,1,1,2,1,5,1,4,2,1,1,2,0,3,0,1,3
253,1,20,4,2,1,2,1,2,1,10,1,1,2,4,1,2,2,0,0,1,3
254,1,21,4,2,1,2,1,2,1,7,1,6,2,2,1,2,2,0,1,1,3
255,1,21,4,1,3,3,1,2,1,4,2,10,1,1,1,2,2,0,0,1,3
256,1,21,4,1,3,1,1,2,1,1,1,10,2,1,1,1,1,2,1,1,3
257,1,22,3,2,2,1,1,2,1,10,1,3,2,5,1,2,3,0,0,1,3
258,1,22,4,1,3,2,1,2,1,7,1,8,1,8,1,2,0,2,1,1,3
259,1,23,3,1,3,1,1,2,1,10,1,1,2,1,1,2,2,3,0,1,3
260,1,23,3,1,2,2,1,2,1,10,2,8,1,1,1,2,3,1,0,1,3
261,1,23,3,1,1,0,1,2,1,10,3,4,2,1,1,1,0,2,0,1,3
262,2,0,1,2,3,3,1,2,1,10,1,2,2,10,2,2,2,0,0,5,1
263,2,0,3,2,3,0,1,2,1,10,1,1,2,1,1,2,2,2,0,5,1
264,2,0,1,2,1,1,1,2,1,10,1,11,2,3,1,2,2,1,1,5,1
265,2,1,3,1,1,1,1,2,1,2,2,1,1,1,1,2,0,0,0,5,1
266,2,8,1,1,1,2,1,2,1,3,1,6,2,1,1,2,1,0,0,5,2
267,2,8,3,2,1,1,1,2,1,2,1,5,2,2,2,2,1,1,1,5,2
268,2,9,3,2,2,1,1,2,1,9,1,3,2,2,2,2,0,1,0,5,2
269,2,10,4,1,3,1,1,2,1,2,2,6,1,2,1,2,1,1,0,5,2
270,2,14,1,1,2,3,1,2,1,1,1,3,2,1,1,2,0,1,0,5,0
271,2,15,3,2,2,2,1,2,1,10,1,9,2,5,1,2,0,0,0,5,0
272,2,17,1,2,3,2,1,2,1,9,1,9,2,2,2,2,1,2,0,5,0
273,2,17,4,1,1,1,1,2,1,5,3,2,1,2,1,2,1,2,0,5,0
274,2,18,1,1,3,2,1,2,1,6,1,5,1,1,1,2,0,2,0,5,0
275,2,19,2,2,3,2,1,2,1,10,1,10,2,7,2,2,3,3,0,5,0
276,2,19,2,1,1,1,1,2,1,6,1,11,2,1,1,2,2,1,0,5,0
277,2,19,2,1,1,3,1,2,1,10,1,4,1,10,1,1,2,2,0,5,0
278,2,19,1,1,1,2,1,2,1,2,1,7,2,1,1,2,3,0,0,5,0
279,2,19,4,1,1,2,1,2,1,10,1,9,2,3,1,2,2,0,0,5,0
280,2,19,2,1,2,2,1,2,1,1,1,9,2,1,1,2,0,3,0,5,0
281,2,20,4,2,1,0,1,2,1,9,1,8,2,10,2,2,1,2,0,5,3
282,2,20,4,1,1,2,1,2,1,4,1,4,2,1,1,2,3,3,0,5,3
283,2,20,4,1,3,0,1,2,1,5,1,6,2,5,2,2,3,0,0,5,3
284,2,21,4,1,1,3,1,2,1,2,1,1,2,1,1,1,0,3,0,5,3
285,2,21,4,1,1,2,1,2,1,1,1,1,1,7,2,2,1,2,0,5,3
286,2,21,1,1,3,2,1,2,1,10,1,11,2,1,2,2,0,1,0,5,3
287,2,21,4,2,1,0,1,2,1,1,1,11,2,5,1,2,2,1,0,5,3
288,2,21,4,2,3,1,1,2,1,9,1,1,2,5,1,2,1,1,1,5,3
289,2,21,4,2,1,0,2,4,1,10,1,11,2,5,1,2,2,3,0,5,3
290,2,21,3,2,2,1,1,2,1,9,1,4,2,1,1,2,0,0,0,5,3
291,2,21,4,1,1,2,2,3,1,2,1,1,2,5,1,2,2,3,1,5,3
292,2,22,2,2,2,1,1,2,1,9,1,11,2,5,1,2,2,2,0,5,3
293,2,22,4,2,2,0,1,2,1,2,2,10,2,5,1,2,3,2,0,5,3
294,2,22,4,1,3,2,2,3,1,9,1,9,2,1,1,2,0,0,1,5,3
295,2,22,1,2,1,3,2,4,1,7,1,5,2,9,1,2,1,2,0,5,3
296,2,22,4,2,2,2,1,2,1,1,1,5,1,4,1,2,0,1,0,5,3
297,2,23,4,1,1,1,1,2,1,4,1,9,2,5,1,2,2,1,0,5,3
298,2,23,4,1,2,1,1,2,1,10,1,9,2,1,1,2,0,2,0,5,3
299,2,23,3,1,2,1,1,2,1,9,1,3,2,10,1,1,0,1,0,5,3
300,2,23,1,2,3,1,1,2,1,5,1,10,2,5,1,2,1,2,0,5,3
301,2,23,4,1,3,3,1,2,1,8,1,10,2,1,2,2,3,3,0,5,3
302,2,23,1,2,3,1,1,2,1,10,1,10,2,10,2,2,2,1,0,5,3
303,3,1,3,2,3,1,1,2,1,10,1,1,2,2,1,1,3,3,0,6,1
304,3,1,2,2,3,0,1,2,1,10,1,5,2,1,1,2,1,2,0,6,1
305,3,1,2,2,2,2,1,2,2,10,1,1,2,2,1,2,3,0,0,6,1
306,3,2,2,1,1,0,1,2,1,4,1,5,2,2,1,2,3,2,0,6,1
307,3,2,2,1,2,2,1,2,1,8,1,7,2,5,1,1,1,3,0,6,1
308,3,3,3,2,2,1,1,2,1,8,1,10,2,1,1,1,2,0,1,6,1
309,3,5,4,2,2,1,1,2,1,9,1,10,2,5,1,1,2,3,0,6,1
310,3,7,4,2,3,1,1,2,2,10,1,7,2,1,1,2,1,3,0,6,1
311,3,7,4,2,2,1,1,2,1,2,1,1,2,1,1,2,3,3,0,6,1
312,3,8,3,2,2,1,1,2,1,2,2,5,2,3,1,2,3,3,0,6,2
313,3,9,3,1,1,1,1,2,1,2,3,9,2,10,1,2,3,0,0,6,2
314,3,9,4,1,3,1,2,3,1,2,3,7,1,7,1,2,2,3,0,6,2
315,3,10,3,1,3,2,1,2,1,1,1,6,2,2,1,2,3,2,0,6,2
316,3,10,1,1,3,3,1,2,1,2,1,10,2,3,2,2,1,3,0,6,2
317,3,10,4,2,2,0,2,3,1,6,1,10,2,1,2,2,0,1,1,6,2
318,3,10,4,2,3,2,1,2,1,1,2,10,2,1,1,2,0,0,0,6,2
319,3,11,3,1,3,1,1,2,1,9,1,4,2,1,1,1,3,2,0,6,2
320,3,11,3,2,2,2,1,2,1,10,1,10,2,2,1,1,3,3,0,6,2
321,3,12,3,2,2,2,1,2,1,10,2,7,2,1,1,2,1,1,0,6,2
322,3,12,3,2,2,3,1,2,1,10,1,10,2,1,1,2,1,3,0,6,2
323,4,15,3,2,2,2,1,2,1,2,1,4,2,2,1,2,1,1,0,4,0
324,4,15,3,2,1,1,1,2,1,2,1,8,2,5,1,2,2,3,0,4,0
325,4,15,4,1,2,3,1,2,1,3,1,9,2,4,2,2,3,1,1,4,0
326,4,15,4,1,3,1,1,2,1,10,1,1,1,2,1,2,2,0,0,4,0
327,6,6,1,2,3,1,1,2,1,2,1,1,2,3,1,2,1,1,0,3,1
328,6,7,3,2,2,1,1,2,1,9,1,4,2,5,1,2,3,1,0,3,1
329,6,7,2,1,2,2,1,2,2,2,3,9,1,9,1,2,3,3,0,3,1
330,6,7,2,1,3,2,1,2,1,9,3,5,1,4,1,2,2,0,0,3,1
331,6,8,4,2,1,2,2,4,1,10,3,7,1,10,1,2,0,1,0,3,2
332,6,8,1,2,1,3,2,4,1,10,1,9,2,5,1,1,1,3,1,3,2
333,6,8,3,2,3,0,1,2,1,10,1,3,2,5,1,2,2,1,0,3,2
334,6,8,4,2,2,2,1,2,1,7,1,3,2,3,1,2,2,2,0,3,2
335,6,8,2,2,2,1,1,2,1,10,1,2,2,5,1,2,3,1,0,3,2
336,6,9,4,1,2,0,2,1,1,7,1,1,2,2,1,2,1,2,0,3,2
337,6,9,3,1,2,3,1,2,1,10,1,1,2,2,2,2,0,2,0,3,2
338,6,9,3,2,2,1,1,2,1,4,1,10,2,1,2,2,0,2,0,3,2
339,6,9,4,1,2,2,2,3,1,3,1,1,2,2,1,2,2,3,0,3,2
340,6,9,1,2,3,3,1,2,1,10,1,10,2,1,1,2,1,0,0,3,2
341,6,9,4,1,3,2,1,2,1,1,1,9,2,1,1,2,0,1,0,3,2
342,6,10,3,1,3,1,1,2,1,1,2,9,1,1,1,1,0,1,0,3,2
343,6,10,1,1,2,2,1,2,1,9,1,5,2,1,1,2,1,3,0,3,2
344,6,10,1,2,1,2,1,2,1,4,1,5,2,3,2,2,2,3,1,3,2
345,6,10,4,1,3,3,2,3,1,10,1,1,1,1,1,2,3,2,0,3,2
346,6,10,3,2,3,1,1,2,1,4,1,5,2,5,1,1,0,2,1,3,2
347,6,11,3,1,2,2,2,4,1,9,1,10,2,8,2,2,0,2,0,3,2
348,6,11,3,1,3,3,2,1,1,9,1,10,2,1,1,2,1,2,0,3,2
349,6,11,4,1,1,1,1,2,1,9,1,10,2,1,1,2,3,0,0,3,2
350,6,11,3,2,1,1,1,2,1,2,1,7,2,10,2,2,2,0,1,3,2
351,6,12,4,1,1,1,2,3,1,9,3,10,1,1,1,2,0,0,0,3,2
352,6,12,2,2,2,1,1,2,1,10,1,1,2,2,1,2,3,3,0,3,2
353,6,12,3,2,2,2,1,2,1,6,1,10,2,5,2,1,2,2,0,3,2
354,6,12,1,2,3,3,1,2,1,11,1,1,2,3,1,2,2,1,0,3,2
355,6,12,1,1,3,2,2,3,1,11,1,3,2,1,1,2,2,3,0,3,2
356,6,13,4,2,1,2,2,4,1,10,1,3,2,2,1,1,1,1,0,3,0
357,6,13,3,2,2,3,1,2,1,2,1,1,2,5,1,2,1,0,0,3,0
358,6,13,4,1,2,2,1,2,1,5,1,8,1,4,1,2,0,0,0,3,0
359,6,13,3,2,3,2,2,4,1,6,2,9,2,5,1,2,3,0,0,3,0
360,6,13,3,2,2,0,1,2,1,10,1,4,2,2,1,1,2,2,1,3,0
361,6,14,2,1,3,3,2,1,1,10,1,9,2,1,1,1,3,2,0,3,0
362,6,14,4,2,3,2,2,4,1,2,1,10,2,2,1,1,1,2,0,3,0
363,6,14,3,1,2,1,1,2,1,2,1,2,2,2,2,1,3,0,0,3,0
364,6,14,3,1,3,2,1,2,1,10,1,9,2,1,2,2,1,0,0,3,0
365,6,14,3,1,3,3,1,2,1,2,1,1,1,3,1,2,0,1,0,3,0
366,6,14,1,1,2,0,1,2,1,2,1,10,2,5,1,1,0,1,0,3,0
367,12,16,4,1,2,1,2,4,1,6,1,7,2,5,1,2,0,1,0,1,0
368,12,16,4,1,1,2,2,4,1,4,1,10,2,10,1,2,0,2,0,1,0
369,12,16,4,2,2,3,2,3,1,7,1,2,2,2,1,2,1,1,0,1,0
370,12,17,4,1,1,3,2,4,1,9,1,3,1,2,1,2,3,0,0,1,0
371,12,17,3,2,2,2,1,2,1,11,1,11,2,1,1,2,1,1,0,1,0
372,12,17,3,2,2,2,1,2,1,7,1,2,2,2,1,1,0,2,0,1,0
373,12,17,1,2,1,2,1,2,1,4,1,1,2,2,1,2,2,0,0,1,0
374,12,17,4,1,2,2,1,2,2,10,2,3,1,2,1,2,1,3,0,1,0
375,12,19,2,1,3,2,1,2,1,1,3,1,1,1,1,2,1,2,0,1,0
376,12,19,2,1,3,1,1,2,1,9,3,1,1,1,1,2,2,3,0,1,0
377,12,19,1,2,1,1,1,2,1,4,1,1,2,10,2,2,1,1,1,1,0
378,12,20,3,2,2,0,1,2,1,4,1,1,2,3,1,2,3,1,0,1,3
379,12,20,3,2,1,3,1,2,1,10,1,4,2,4,1,2,3,0,0,1,3
380,12,20,3,2,3,1,1,2,1,7,1,2,2,5,2,2,1,0,0,1,3
381,12,20,4,1,2,0,1,2,1,10,1,3,1,1,1,2,0,1,0,1,3
382,12,20,1,2,3,2,1,2,1,4,1,10,2,3,2,2,2,3,1,1,3
383,12,20,3,2,1,3,1,2,1,9,1,10,2,1,1,2,1,0,0,1,3
384,12,20,2,2,1,1,1,2,1,10,1,6,2,3,1,1,0,0,0,1,3
385,12,20,4,1,3,1,1,2,1,9,3,4,1,8,1,2,1,2,1,1,3
386,12,20,4,1,3,2,1,2,1,10,1,1,2,2,1,2,3,1,0,1,3
387,12,20,1,2,3,1,2,4,1,9,1,7,2,2,2,2,0,2,1,1,3
388,12,22,3,2,2,2,1,2,1,9,1,10,2,1,1,1,1,2,0,1,3
389,12,22,1,1,3,1,1,2,1,9,1,10,2,2,1,2,2,1,0,1,3
390,12,22,3,1,1,2,1,2,1,9,1,3,2,2,1,2,2,2,0,1,3
391,12,22,2,1,1,1,1,2,1,2,1,5,2,2,1,2,3,0,0,1,3
392,12,23,3,2,1,2,1,2,1,7,1,4,2,1,1,1,3,2,0,1,3
393,12,23,3,2,2,3,1,2,1,9,1,2,2,9,2,2,2,1,0,1,3
394,12,23,3,2,2,1,1,2,1,10,1,4,2,1,1,2,0,1,1,1,3
395,12,23,1,2,1,2,1,2,1,9,1,3,2,2,1,2,0,3,0,1,3
396,14,7,1,2,3,2,2,4,1,2,2,10,1,1,1,1,2,1,1,5,1
397,14,9,2,1,1,1,1,2,1,3,1,2,2,1,1,2,1,2,0,5,2
398,14,10,3,1,2,2,1,2,1,2,1,9,2,1,1,2,3,0,0,5,2
399,14,10,1,2,1,3,1,2,1,1,1,6,1,1,2,1,1,0,0,5,2
400,14,11,3,2,1,2,1,2,1,10,1,2,2,1,1,1,1,2,0,5,2
401,14,11,3,1,1,2,1,2,1,7,3,10,2,10,1,2,1,0,0,5,2
402,14,12,1,1,1,1,1,2,1,2,1,9,2,8,1,1,1,3,0,5,2
403,14,12,3,2,1,3,1,2,1,2,1,1,2,2,2,1,2,0,0,5,2
404,14,14,3,2,3,3,1,2,1,4,1,10,2,1,1,2,1,2,0,5,0
405,14,16,3,2,2,0,1,2,1,10,2,10,2,1,1,2,1,3,1,5,0
406,14,16,2,2,2,3,1,2,1,1,1,4,2,1,1,2,1,3,0,5,0
407,14,20,3,2,3,1,1,2,1,9,1,5,2,1,1,2,2,2,0,5,3
408,14,20,3,2,1,1,1,2,1,4,1,4,2,3,1,2,2,1,0,5,3
409,14,20,1,2,1,1,1,2,1,10,2,10,1,1,1,2,2,3,1,5,3
410,14,21,3,2,1,2,1,2,1,2,1,1,2,1,1,2,0,0,1,5,3
411,14,22,2,2,2,1,2,1,1,5,1,6,2,1,1,2,3,3,0,5,3
412,14,22,3,1,2,2,1,2,1,4,1,4,2,9,1,2,2,3,0,5,3
413,14,22,3,1,2,2,1,2,1,2,2,4,2,1,1,2,1,2,0,5,3
414,16,14,3,1,3,1,1,2,1,2,1,1,2,1,1,1,0,1,0,6,0
415,16,14,1,2,1,3,1,2,1,10,1,3,2,10,2,2,1,1,0,6,0
416,16,15,3,1,1,1,1,2,1,10,1,2,2,1,2,2,1,3,0,6,0
417,16,16,3,1,3,3,1,2,1,10,1,1,2,3,2,2,3,0,0,6,0
418,16,16,3,2,1,1,1,2,1,9,1,1,2,1,1,2,2,3,0,6,0
419,16,16,1,2,2,1,1,2,1,9,1,10,2,10,2,2,1,2,0,6,0
420,16,17,2,2,3,3,1,2,1,4,1,2,2,1,1,2,2,0,0,6,0
421,16,17,1,1,3,2,1,2,1,2,1,1,2,1,1,2,2,1,0,6,0
422,16,18,2,1,3,2,1,2,1,9,1,9,2,6,1,2,1,2,0,6,0
423,16,21,1,1,3,1,1,2,1,2,1,10,2,2,2,2,3,0,0,6,3
424,16,21,1,2,3,2,1,2,1,2,1,4,2,1,2,1,2,2,0,6,3
425,16,21,2,1,2,2,1,2,1,2,1,1,2,2,2,2,0,3,1,6,3
426,16,21,3,1,1,1,1,2,1,10,1,1,2,2,2,2,2,2,0,6,3
427,16,21,1,1,2,3,1,2,1,10,1,10,2,9,2,2,3,0,0,6,3
428,16,22,3,2,1,1,1,2,1,2,1,1,2,1,1,2,3,0,0,6,3
429,16,22,1,2,3,2,1,2,1,10,1,2,2,1,2,2,0,1,0,6,3
430,16,22,2,1,3,2,1,2,1,9,1,10,1,1,1,2,3,2,0,6,3
431,16,22,1,1,2,1,2,4,1,10,1,4,2,7,2,1,2,1,0,6,3
432,16,22,3,1,1,2,1,4,1,1,1,1,2,2,1,1,2,1,0,6,3
433,16,23,1,2,2,2,1,2,1,10,1,5,2,1,1,2,3,3,0,6,3
434,18,1,2,1,2,1,1,2,1,6,1,10,2,8,2,2,1,1,0,4,1
435,18,1,2,1,3,2,1,2,1,9,1,3,2,7,2,2,2,3,0,4,1
436,18,1,3,1,3,2,1,2,1,2,1,10,2,1,1,2,3,0,0,4,1
437,18,3,1,2,3,3,1,2,1,4,1,6,2,1,1,2,1,3,0,4,1
438,18,7,2,2,2,2,1,2,2,10,1,10,2,4,1,1,2,0,0,4,1
439,18,9,3,2,2,1,1,2,1,2,1,5,2,1,1,2,1,2,1,4,2
440,18,9,2,2,2,1,1,2,1,10,1,10,2,3,1,2,3,2,0,4,2
441,18,10,3,2,2,2,1,2,1,1,1,1,2,5,2,2,2,2,0,4,2
442,18,10,1,2,3,0,1,2,1,10,1,4,1,1,1,2,2,2,0,4,2
443,18,12,3,2,2,1,2,4,1,4,1,10,2,1,1,2,3,1,0,4,2
444,18,16,3,1,1,1,1,2,1,2,1,3,2,1,2,2,1,0,0,4,0
445,18,18,2,1,2,1,1,2,1,11,1,8,2,10,1,2,2,1,0,4,0
446,18,19,3,2,1,2,1,2,1,11,1,6,2,1,1,1,1,1,0,4,0
447,18,19,3,1,2,1,1,2,1,2,1,11,2,1,1,2,0,1,0,4,0
448,18,19,1,1,1,0,1,2,1,2,1,5,2,3,2,2,0,1,0,4,0
449,18,22,1,2,1,2,1,2,1,6,1,2,1,9,2,2,2,0,0,4,3
450,18,22,4,1,1,1,1,2,1,2,1,1,1,1,1,2,0,1,0,4,3
451,18,23,2,2,2,2,1,2,1,8,1,5,2,1,1,2,3,0,0,4,3
452,18,23,1,1,3,2,1,2,1,10,2,9,1,2,1,2,3,2,1,4,3
453,18,23,3,2,2,2,1,2,1,2,1,1,2,1,1,1,0,1,0,4,3
454,18,23,4,1,1,2,1,2,1,2,1,1,2,1,1,2,1,0,0,4,3
455,18,23,4,1,3,3,1,2,1,9,1,5,1,1,1,2,1,3,0,4,3
456,19,8,1,1,2,2,1,2,1,4,1,6,2,2,2,2,1,0,0,0,2
457,19,8,4,1,3,1,1,2,1,5,1,10,2,1,1,2,0,2,0,0,2
458,19,8,2,2,3,2,1,2,1,5,2,10,2,2,1,1,1,3,0,0,2
459,19,8,1,1,2,3,1,2,1,10,1,3,2,2,2,2,1,1,0,0,2
460,19,9,3,2,3,1,1,2,1,9,1,9,2,9,1,2,3,2,0,0,2
461,19,9,3,1,1,1,1,2,1,9,1,9,2,4,2,2,2,0,0,0,2
462,19,9,3,2,3,3,1,2,1,9,1,10,2,9,2,2,3,0,0,0,2
463,19,10,4,1,2,2,1,2,1,10,1,3,2,2,1,2,3,0,0,0,2
464,19,11,2,1,3,1,1,2,1,10,1,1,2,4,1,2,3,0,0,0,2
465,19,11,2,1,1,3,1,2,1,10,1,4,1,2,1,1,1,3,0,0,2
466,19,12,1,2,2,3,1,2,1,11,3,6,1,1,1,1,1,2,1,0,2
467,19,12,3,2,2,2,1,2,2,11,2,9,2,2,1,2,2,3,0,0,2
468,19,12,1,1,3,1,2,3,1,2,1,9,2,3,1,2,1,1,0,0,2
469,19,13,1,1,1,3,1,2,1,9,1,3,1,9,1,2,0,3,0,0,0
470,19,13,3,1,3,0,1,2,1,2,1,2,2,8,2,2,2,3,0,0,0
471,19,14,3,1,2,2,1,2,1,2,1,4,2,1,1,2,2,2,0,0,0
472,19,14,3,2,2,2,1,2,1,10,1,2,2,1,1,1,1,0,0,0,0
473,19,14,3,2,2,1,1,2,1,2,1,1,2,5,1,2,3,1,0,0,0
474,19,14,1,1,1,1,1,2,1,2,1,3,1,1,1,1,0,1,0,0,0
475,19,15,1,2,2,1,1,2,1,10,1,11,2,1,1,2,0,3,0,0,0
476,19,15,2,1,2,1,1,2,1,2,1,4,2,1,1,1,3,2,1,0,0
477,19,15,1,2,3,2,1,2,1,10,1,2,2,1,1,2,0,2,1,0,0
478,19,16,1,2,3,3,1,2,1,10,1,2,2,1,1,2,3,2,0,0,0
479,19,16,1,1,3,3,1,2,1,6,1,10,2,2,1,1,3,2,1,0,0
480,19,17,1,2,3,2,1,2,1,9,1,1,2,5,2,2,2,3,0,0,0
481,19,17,1,2,2,1,1,2,1,9,1,10,2,2,1,1,0,1,0,0,0
482,19,17,1,2,3,0,1,2,1,9,1,1,2,1,2,1,3,3,1,0,0
483,19,17,3,1,2,2,1,2,1,10,1,10,2,1,1,1,0,1,0,0,0
484,19,17,3,1,2,1,1,2,1,1,1,1,2,4,2,1,0,1,0,0,0
485,19,17,4,1,3,0,1,2,1,6,3,1,1,1,1,1,0,0,0,0,0
486,19,18,3,2,1,1,1,2,1,10,1,10,2,5,2,2,2,0,0,0,0
487,19,18,3,1,2,0,1,2,1,8,1,10,1,1,1,1,0,1,0,0,0
488,19,18,1,2,3,2,1,2,1,10,2,10,2,1,1,2,1,0,0,0,0
489,19,18,1,1,2,1,1,2,1,1,1,1,2,5,1,2,3,1,0,0,0
490,19,18,1,2,1,1,1,2,1,2,1,10,2,2,1,1,0,3,1,0,0
491,19,19,3,1,3,1,1,2,1,5,1,1,2,5,1,1,3,3,0,0,0
492,19,19,1,2,2,2,1,2,1,10,1,10,2,1,1,2,1,2,0,0,0
493,19,20,2,1,2,1,1,2,1,9,1,9,1,1,1,2,1,1,0,0,3
494,19,20,2,1,1,1,1,2,1,10,1,10,1,9,1,2,0,0,0,0,3
495,19,20,3,1,3,2,1,2,1,8,1,1,2,1,1,2,1,3,0,0,3
496,19,20,3,1,1,3,1,2,1,8,1,10,2,1,1,1,2,2,0,0,3
497,19,20,1,1,3,2,1,2,1,9,1,10,2,2,1,2,3,3,0,0,3
498,19,20,2,1,3,2,2,4,1,8,1,10,2,2,1,2,0,0,0,0,3
499,19,21,1,1,1,0,2,4,1,9,1,1,2,1,1,1,2,1,1,0,3
500,19,21,2,1,1,1,2,4,1,10,3,2,1,2,1,2,0,2,0,0,3
501,19,21,4,1,1,3,2,3,1,7,1,9,2,1,1,1,2,0,1,0,3
502,19,21,4,1,1,0,2,4,1,7,3,5,1,5,1,1,3,3,1,0,3
503,19,21,1,2,2,2,1,2,1,9,1,11,2,2,1,2,3,2,0,0,3
504,19,21,1,2,1,1,1,2,1,9,1,2,2,1,1,2,0,2,1,0,3
505,19,21,3,1,1,3,1,4,1,7,1,10,2,1,1,1,1,0,0,0,3
506,19,21,2,1,2,1,2,3,1,7,1,1,2,1,1,2,0,0,0,0,3
507,19,21,3,1,3,1,1,2,1,10,1,10,2,2,1,2,0,2,1,0,3
508,19,21,4,1,1,2,2,4,1,9,1,9,1,1,1,1,0,1,0,0,3
509,19,21,2,1,1,0,2,3,1,9,3,10,1,10,1,1,3,1,1,0,3
510,19,21,4,1,2,2,2,4,1,9,1,1,1,5,1,1,2,2,0,0,3
511,19,22,1,2,1,1,1,2,1,10,1,1,2,2,1,1,0,1,1,0,3
512,19,22,1,2,2,1,1,2,1,9,1,11,2,2,1,2,2,2,0,0,3
513,19,22,1,2,1,2,1,2,1,9,1,2,2,1,1,2,0,3,1,0,3
514,19,22,3,1,1,1,1,4,1,7,1,10,2,1,1,1,0,0,0,0,3
515,19,22,3,1,1,2,2,3,1,7,1,1,2,1,1,2,0,1,0,0,3
516,19,22,1,2,2,3,1,2,1,8,1,4,2,1,1,2,1,2,0,0,3
517,19,22,1,2,3,2,1,2,1,10,2,10,2,2,1,2,3,3,0,0,3
518,19,22,1,1,2,1,1,2,1,10,1,3,2,2,2,2,1,0,0,0,3
519,19,22,3,2,3,3,1,2,1,9,1,9,2,9,1,2,3,2,0,0,3
520,19,22,3,2,3,3,1,2,1,9,1,9,2,4,2,2,2,1,0,0,3
521,19,22,3,2,3,2,1,2,1,7,1,10,2,9,1,2,3,0,0,0,3
522,19,22,2,1,1,3,1,2,1,5,1,1,1,1,1,1,2,3,0,0,3
523,19,22,3,1,2,3,1,2,1,2,1,10,2,10,1,2,2,1,1,0,3
524,19,23,2,2,2,1,1,2,1,2,1,9,2,1,2,2,0,3,0,0,3
525,19,23,1,2,3,0,1,2,1,8,1,5,2,3,2,1,2,3,1,0,3
526,19,23,3,2,2,0,1,2,1,8,1,4,2,1,2,1,2,3,0,0,3
527,19,23,2,1,1,2,2,4,1,5,1,1,2,1,1,1,2,2,0,0,3
528,19,23,3,2,1,1,2,3,1,2,2,1,2,1,1,2,3,1,0,0,3
529,19,23,1,1,2,1,2,4,1,6,1,4,2,7,2,1,0,1,0,0,3
530,19,23,3,1,1,2,2,4,1,1,1,1,2,2,1,2,3,1,0,0,3
531,19,23,1,1,3,3,1,2,1,10,1,5,2,1,1,2,3,2,0,0,3
532,19,23,2,1,2,0,1,2,1,9,1,10,2,8,2,2,1,2,0,0,3
533,19,23,2,1,2,1,1,2,1,6,1,7,2,7,1,2,2,0,0,0,3
534,19,23,2,1,3,1,1,2,1,2,1,10,2,1,1,2,3,0,0,0,3
535,19,23,1,2,3,2,1,2,1,4,1,6,2,1,1,2,2,3,0,0,3
536,20,0,1,1,2,0,1,2,1,4,1,9,2,1,1,1,0,1,0,2,1
537,20,0,3,1,2,0,1,2,1,4,1,9,2,9,2,2,0,3,0,2,1
538,20,0,3,1,2,2,1,2,1,2,2,4,2,1,1,2,1,3,0,2,1
539,20,0,3,1,3,1,1,2,1,2,1,1,2,1,1,1,3,1,0,2,1
540,20,0,1,2,1,3,1,2,1,10,1,3,2,10,2,2,1,3,0,2,1
541,20,0,3,1,1,2,1,2,1,10,1,2,2,1,1,2,0,3,0,2,1
542,20,0,3,1,3,0,1,2,1,10,1,1,2,3,2,2,3,3,0,2,1
543,20,0,1,2,3,2,1,2,1,8,1,9,2,10,2,1,3,2,0,2,1
544,20,0,1,2,3,1,2,3,1,11,1,1,2,1,1,2,1,3,0,2,1
545,20,0,3,2,3,1,1,2,1,2,1,1,2,5,1,2,3,0,0,2,1
546,20,0,4,1,1,1,1,2,1,11,1,8,1,4,1,1,0,3,0,2,1
547,20,0,3,1,3,1,2,4,1,6,2,9,2,5,1,1,3,3,0,2,1
548,20,0,3,2,2,1,1,2,1,7,1,8,2,2,1,1,3,2,1,2,1
549,20,0,1,1,1,1,2,1,1,10,1,9,2,1,1,1,0,2,0,2,1
550,20,1,4,2,2,2,1,2,2,10,1,1,2,1,1,2,1,3,0,2,1
551,20,1,1,2,2,1,1,2,1,10,1,10,2,1,1,2,0,0,1,2,1
552,20,1,3,2,3,2,1,2,1,7,1,1,2,1,1,1,1,1,1,2,1
553,20,1,3,1,1,3,1,2,1,2,3,5,2,10,1,2,2,0,0,2,1
554,20,1,1,1,2,2,1,2,1,10,1,10,2,9,2,2,3,0,0,2,1
555,20,1,1,1,3,2,1,2,1,5,1,1,2,10,2,2,2,3,1,2,1
556,20,1,3,2,1,0,1,2,1,6,1,10,2,10,1,2,0,1,1,2,1
557,20,3,2,2,1,2,1,2,1,9,1,9,2,1,1,1,3,1,0,2,1
558,20,4,1,1,2,1,1,2,1,7,1,7,2,7,1,2,2,0,1,2,1
559,20,4,1,1,2,1,1,2,1,4,1,9,2,1,1,1,3,1,0,2,1
560,20,4,3,1,2,2,1,2,1,6,1,9,2,9,2,2,0,3,0,2,1
561,20,4,3,1,2,2,1,2,1,2,2,4,2,1,1,2,1,0,0,2,1
562,20,4,1,1,3,2,1,2,1,9,1,1,1,2,1,2,1,2,0,2,1
563,20,4,3,2,3,3,1,2,1,10,1,2,2,2,1,1,2,1,0,2,1
564,20,5,3,2,2,2,1,2,1,4,1,2,2,1,2,2,3,0,0,2,1
565,20,5,1,1,2,3,1,2,1,9,1,1,1,2,1,2,1,2,0,2,1
566,20,8,1,1,1,3,1,2,1,7,1,2,2,1,1,2,3,0,0,2,2
567,20,8,1,2,1,1,2,4,1,9,1,3,2,2,1,2,0,0,0,2,2
568,20,8,3,2,1,0,1,2,1,4,1,11,2,2,1,2,0,1,0,2,2
569,20,8,3,2,1,0,1,2,1,9,1,6,2,5,1,2,1,1,1,2,2
570,20,8,2,2,2,3,1,2,1,2,1,10,2,2,2,1,1,2,1,2,2
571,20,8,3,2,1,1,2,4,1,2,1,9,2,2,1,1,1,0,0,2,2
572,20,9,2,2,1,2,1,2,1,10,1,6,2,3,2,1,2,1,0,2,2
573,20,9,2,2,2,1,1,2,1,10,1,10,2,2,1,1,0,1,0,2,2
574,20,9,1,2,1,1,2,4,1,6,1,10,2,2,2,2,0,2,1,2,2
575,20,9,4,1,1,1,2,3,1,9,1,9,2,5,1,2,0,2,0,2,2
576,20,9,4,1,2,1,1,2,1,1,1,7,1,2,1,2,2,1,0,2,2
577,20,10,1,2,2,1,1,2,1,9,1,5,2,1,1,2,3,2,0,2,2
578,20,10,3,1,1,1,1,2,1,4,1,1,2,5,1,2,3,0,0,2,2
579,20,10,1,2,3,1,1,2,1,4,1,5,2,1,1,1,3,3,0,2,2
580,20,10,1,1,3,3,1,2,1,10,1,2,2,2,1,1,3,1,1,2,2
581,20,11,4,1,1,2,1,2,1,10,1,9,2,5,1,2,3,3,1,2,2
582,20,11,4,1,1,2,1,2,1,8,3,9,1,9,1,1,2,1,1,2,2
583,20,11,3,1,1,1,2,4,2,10,3,3,2,2,1,2,2,3,0,2,2
584,20,11,3,1,2,2,2,1,1,10,1,2,2,3,2,2,0,3,0,2,2
585,20,11,1,1,1,2,2,3,1,9,1,9,2,4,2,2,3,2,0,2,2
586,20,11,3,1,1,1,2,4,1,9,1,8,2,1,1,2,1,2,0,2,2
587,20,11,3,1,2,3,2,4,1,9,1,10,2,8,2,2,0,1,0,2,2
588,20,11,3,1,1,1,1,2,1,10,3,5,2,1,1,1,1,2,0,2,2
589,20,11,1,1,2,1,1,2,1,2,1,10,1,5,1,1,0,1,0,2,2
590,20,11,1,1,1,2,1,2,1,2,1,3,1,1,1,1,3,1,0,2,2
591,20,11,3,1,2,2,1,2,1,10,1,10,2,1,1,1,0,0,0,2,2
592,20,11,3,1,2,2,1,2,1,1,1,1,2,4,2,1,1,1,0,2,2
593,20,11,3,1,2,0,1,2,1,2,1,10,1,1,1,1,0,1,0,2,2
594,20,11,3,1,1,2,2,4,1,7,1,10,2,1,1,1,2,0,0,2,2
595,20,11,3,1,1,1,1,4,1,7,1,10,2,1,1,1,2,0,0,2,2
596,20,11,1,1,2,1,1,2,1,4,1,9,2,1,1,1,1,1,0,2,2
597,20,11,1,1,2,3,1,2,1,4,1,9,2,1,1,1,1,1,0,2,2
598,20,11,3,1,2,3,2,4,1,9,1,10,2,8,2,2,0,1,0,2,2
599,20,11,3,1,1,2,1,2,1,10,3,4,2,1,1,1,2,2,0,2,2
600,20,11,1,1,2,1,1,2,1,2,1,10,2,5,1,1,0,1,0,2,2
601,20,11,1,1,1,2,1,2,1,5,1,5,1,1,1,1,2,1,0,2,2
602,20,11,3,1,1,2,2,4,2,10,3,3,2,2,1,1,2,0,0,2,2
603,20,11,3,1,2,2,1,2,1,4,1,7,2,2,2,2,2,3,1,2,2
604,20,12,3,1,3,2,2,4,1,10,1,8,2,1,2,1,2,1,0,2,2
605,20,12,4,1,2,1,1,2,1,9,1,6,1,1,1,2,2,2,0,2,2
606,20,12,3,1,1,1,2,4,1,1,1,1,2,1,2,1,0,3,1,2,2
607,20,12,2,1,3,2,2,1,1,4,2,11,1,1,1,2,0,1,1,2,2
608,20,13,4,1,1,3,1,2,1,9,2,9,1,1,1,2,3,2,0,2,0
609,20,13,3,2,1,3,1,2,1,10,1,1,2,2,1,2,3,1,0,2,0
610,20,13,1,2,2,2,1,2,1,10,1,10,2,1,2,2,3,2,1,2,0
611,20,13,3,1,1,1,2,4,1,2,1,10,2,1,1,2,1,1,0,2,0
612,20,14,4,1,2,2,1,2,1,1,1,6,1,10,1,2,3,3,0,2,0
613,20,14,1,2,1,1,1,2,1,2,1,3,2,1,2,2,0,3,1,2,0
614,20,14,1,1,2,3,1,2,1,10,1,7,2,2,2,2,1,1,0,2,0
615,20,14,3,1,1,3,1,2,2,10,3,9,2,1,1,2,2,3,0,2,0
616,20,14,3,1,1,3,2,4,2,10,3,3,2,2,1,2,2,2,0,2,0
617,20,14,2,1,1,2,1,2,1,10,2,8,1,1,1,2,1,1,0,2,0
618,20,14,3,1,2,2,2,4,1,9,1,10,2,8,2,2,0,2,0,2,0
619,20,14,3,1,1,2,1,2,1,7,3,10,2,10,1,2,1,0,0,2,0
620,20,14,1,1,2,2,1,2,1,10,1,10,2,9,2,2,3,0,0,2,0
621,20,14,1,1,2,2,1,3,1,10,1,10,2,9,2,2,3,3,0,2,0
622,20,14,3,1,1,0,2,4,2,8,3,6,2,2,1,2,2,0,0,2,0
623,20,14,3,1,2,1,2,4,1,9,1,10,2,8,2,2,0,0,0,2,0
624,20,14,3,1,2,3,2,4,1,9,1,10,2,8,2,2,0,2,0,2,0
625,20,15,3,1,1,3,2,2,2,10,3,3,2,2,1,2,2,0,0,2,0
626,20,15,3,1,1,1,2,4,1,1,1,1,2,1,2,2,2,3,1,2,0
627,20,16,2,1,2,1,2,4,1,8,1,7,1,1,1,2,0,0,0,2,0
628,20,16,1,2,2,3,1,2,1,9,1,4,2,1,1,2,1,2,1,2,0
629,20,18,2,2,1,3,1,2,1,8,2,2,1,1,1,1,1,0,0,2,0
630,20,18,2,2,1,2,1,2,1,10,1,4,2,1,2,2,0,1,0,2,0
631,20,18,1,2,1,1,1,2,1,2,1,1,1,1,1,2,3,3,1,2,0
632,20,18,2,2,1,1,1,2,1,9,1,10,1,1,1,2,2,3,0,2,0
633,20,18,2,1,1,0,1,2,1,10,3,5,1,5,1,2,1,1,0,2,0
634,20,19,3,2,1,1,2,3,1,10,2,10,2,5,1,2,1,1,0,2,0
635,20,19,3,2,1,1,2,4,1,9,1,9,2,1,1,1,3,0,1,2,0
636,20,19,1,2,2,1,1,2,1,8,1,6,2,2,2,2,0,0,1,2,0
637,20,19,2,2,1,3,1,2,1,9,1,10,2,1,1,1,3,1,0,2,0
638,20,19,3,1,1,2,1,2,1,10,2,2,1,1,1,1,3,2,1,2,0
639,20,20,4,1,1,1,1,4,1,3,3,2,1,2,1,2,0,0,1,2,3
640,20,21,1,1,2,3,1,2,1,10,1,9,2,5,1,2,2,2,0,2,3
641,20,21,3,1,1,1,1,2,1,7,1,3,1,1,1,1,3,1,1,2,3
642,20,21,1,2,1,2,1,2,1,7,1,11,2,1,2,2,2,1,0,2,3
643,20,21,1,1,1,0,1,2,1,2,1,5,1,2,1,2,1,0,0,2,3
644,20,21,3,2,1,1,1,2,1,7,1,1,2,2,1,1,2,1,0,2,3
645,20,22,3,2,1,2,1,2,1,7,1,10,2,10,2,2,2,2,0,2,3
646,20,22,3,2,2,3,1,2,1,10,1,1,2,2,1,2,3,0,0,2,3
647,20,22,2,1,2,1,1,2,1,5,1,3,1,2,1,1,0,1,1,2,3
648,20,22,1,2,1,2,1,2,1,9,1,6,2,2,1,2,1,1,0,2,3
649,20,23,3,1,2,3,1,2,1,6,2,2,1,1,1,2,3,2,0,2,3
650,20,23,2,2,2,1,1,2,1,4,1,5,2,3,1,2,0,3,0,2,3
651,20,23,3,2,1,2,1,2,1,10,1,9,2,5,2,2,0,1,0,2,3
652,20,23,3,2,1,3,1,2,1,5,2,2,2,1,1,2,1,0,0,2,3
653,20,23,3,2,1,1,1,2,1,1,1,4,2,5,1,1,1,2,0,2,3
654,20,23,3,1,3,2,1,2,1,9,1,5,2,10,2,2,2,3,0,2,3
655,20,23,2,1,1,1,2,4,1,10,1,9,2,4,2,1,0,2,0,2,3
656,22,0,3,2,1,1,2,4,1,10,1,4,2,1,1,1,0,1,0,3,1
657,22,0,1,1,2,1,2,4,1,9,1,8,2,7,2,2,2,1,0,3,1
658,22,0,1,1,2,0,2,4,1,9,1,8,2,1,1,1,3,1,1,3,1
659,22,0,2,1,2,3,2,2,1,2,1,1,2,1,1,2,1,2,0,3,1
660,22,0,1,1,2,3,2,4,1,8,1,4,2,7,2,2,3,1,0,3,1
661,22,0,2,1,2,1,1,4,1,2,1,7,1,1,1,2,2,0,0,3,1
662,22,0,1,2,3,2,2,3,1,9,1,10,2,10,2,2,2,3,1,3,1
663,22,1,1,2,1,3,1,2,1,9,1,2,2,4,2,1,0,3,1,3,1
664,22,1,1,2,1,2,1,2,1,2,1,1,2,10,2,2,0,1,0,3,1
665,22,1,2,1,3,2,1,2,2,3,1,2,2,3,2,2,2,1,0,3,1
666,22,1,1,1,2,2,1,2,1,10,1,10,2,9,2,2,3,0,0,3,1
667,22,2,1,1,2,1,1,2,1,10,1,10,2,9,2,2,3,3,0,3,1
668,22,2,2,2,1,2,1,2,1,10,1,6,2,3,2,1,0,1,0,3,1
669,22,2,1,2,1,2,1,2,1,2,2,10,2,1,2,2,0,0,1,3,1
670,22,2,1,1,2,1,1,2,1,10,2,10,2,9,2,2,3,3,0,3,1
671,22,2,1,1,2,2,1,2,1,10,2,10,2,9,2,2,3,0,0,3,1
672,22,2,2,2,1,0,1,2,1,10,2,4,2,1,2,2,0,1,0,3,1
673,22,2,1,2,1,0,1,2,1,7,2,11,2,1,2,2,2,3,0,3,1
674,22,2,1,1,3,3,2,3,1,9,2,10,2,10,2,2,2,3,1,3,1
675,22,2,1,2,1,3,1,2,1,9,1,2,2,4,2,2,0,3,1,3,1
676,22,2,1,2,1,1,1,2,1,2,1,1,2,10,1,2,0,1,0,3,1
677,22,2,2,2,3,1,1,2,2,3,2,5,2,3,2,2,2,0,0,3,1
678,22,2,1,1,2,2,1,2,1,10,2,10,2,9,2,2,3,1,0,3,1
679,22,2,1,1,2,1,1,2,1,10,2,10,2,9,2,2,3,1,0,3,1
680,22,3,2,2,1,3,1,2,1,10,2,6,2,3,1,1,0,1,0,3,1
681,22,3,1,2,1,2,1,2,1,2,2,8,2,1,2,2,0,2,1,3,1
682,22,3,1,1,2,1,1,2,1,10,1,10,2,9,2,2,3,3,0,3,1
683,22,3,1,1,2,2,1,2,1,10,1,10,2,9,2,2,3,3,0,3,1
684,22,3,2,2,1,2,1,2,1,10,1,4,2,1,2,2,0,2,0,3,1
685,22,3,1,2,1,1,1,2,1,7,1,11,2,1,1,1,2,2,0,3,1
686,22,3,1,1,2,2,1,3,1,10,1,10,2,9,2,1,3,1,0,3,1
687,22,3,1,1,2,2,2,1,1,10,1,10,2,9,2,1,3,0,0,3,1
688,22,3,1,1,2,2,2,1,1,10,2,10,2,9,2,1,3,0,0,3,1
689,22,3,1,1,2,3,2,3,1,7,1,10,2,9,2,1,0,0,0,3,1
690,22,3,1,1,2,1,2,3,1,6,1,8,2,8,2,1,3,0,0,3,1
691,22,3,1,1,2,2,2,1,1,2,2,6,2,9,2,1,3,0,0,3,1
692,22,4,1,1,2,3,2,1,1,1,2,7,2,9,2,1,3,0,0,3,1
693,22,4,1,1,2,1,2,1,1,6,2,8,2,9,2,1,0,3,0,3,1
694,22,4,1,1,2,1,2,1,1,4,2,6,2,9,2,2,3,2,0,3,1
695,22,4,2,1,2,2,2,1,1,9,2,7,2,2,2,1,2,2,0,3,1
696,22,4,1,1,2,2,2,1,1,5,2,8,2,10,2,1,1,0,0,3,1
697,22,4,1,1,2,1,2,3,1,1,1,6,1,1,2,1,0,0,0,3,1
698,22,4,1,1,2,2,2,1,1,1,2,7,2,7,1,1,1,1,1,3,1
699,22,4,4,1,1,2,1,2,1,1,1,6,1,10,2,2,2,3,0,3,1
700,22,4,1,2,1,3,1,2,1,2,1,10,2,1,1,2,0,2,1,3,1
701,22,4,1,1,2,0,1,2,1,10,1,7,2,2,2,2,1,0,0,3,1
702,22,4,3,1,1,2,1,2,2,10,3,9,2,1,1,2,2,0,0,3,1
703,22,4,3,1,1,2,2,4,2,10,3,3,2,2,1,2,2,2,0,3,1
704,22,4,3,1,1,2,1,2,1,10,2,8,1,1,1,2,3,1,0,3,1
705,22,4,3,1,2,1,2,4,1,7,1,10,2,8,2,2,0,1,0,3,1
706,22,4,3,1,1,0,1,2,1,7,3,10,2,10,1,2,1,3,0,3,1
707,22,4,1,1,2,1,1,2,1,10,1,10,2,9,2,2,3,2,0,3,1
708,22,4,1,1,2,2,1,2,1,10,1,10,2,9,2,2,3,0,0,3,1
709,22,4,3,1,1,1,2,4,2,7,3,3,2,2,1,2,2,2,0,3,1
710,22,4,3,1,2,1,2,4,1,9,1,10,2,8,2,2,0,0,0,3,1
711,22,4,3,1,2,2,2,4,1,9,1,10,2,8,2,2,0,2,0,3,1
712,22,4,3,1,1,1,2,4,2,10,3,3,2,2,1,2,2,3,0,3,1
713,22,4,3,1,1,1,2,4,1,1,1,1,2,1,2,2,2,3,1,3,1
714,22,4,2,1,2,1,2,4,1,2,1,7,1,1,1,2,3,0,0,3,1
715,22,4,1,2,2,0,1,2,1,9,1,11,2,1,1,2,3,2,1,3,1
716,22,4,2,2,1,2,1,2,1,9,2,2,1,1,1,1,1,3,0,3,1
717,22,4,2,2,1,0,1,2,1,10,1,4,2,1,2,2,0,3,0,3,1
718,22,4,1,2,1,3,1,2,1,2,1,5,2,1,1,2,3,0,1,3,1
719,22,4,2,1,1,3,1,2,1,9,1,10,1,1,1,2,2,2,0,3,1
720,22,4,2,2,1,3,1,2,1,10,3,5,1,5,1,2,1,1,0,3,1
721,22,4,3,2,1,1,2,3,1,10,2,10,2,5,1,2,1,0,0,3,1
722,22,4,3,2,1,2,1,4,1,8,1,9,2,1,1,1,3,0,1,3,1
723,22,4,1,2,2,2,1,2,1,9,1,10,2,2,2,2,0,0,1,3,1
724,22,4,2,2,1,1,1,2,1,9,1,10,2,1,1,1,1,1,0,3,1
725,22,4,2,1,1,1,1,2,1,10,2,2,1,1,1,1,1,2,1,3,1
726,22,4,4,1,1,3,2,4,1,3,3,2,1,2,1,2,0,1,1,3,1
727,22,4,1,1,2,1,1,2,1,10,1,9,2,5,1,2,2,0,0,3,1
728,22,4,3,1,2,0,1,2,1,9,1,3,1,1,1,1,0,1,1,3,1
729,22,4,1,2,1,1,1,2,1,7,1,11,2,1,1,2,2,1,0,3,1
730,22,4,1,1,1,3,1,2,1,2,1,5,1,2,1,2,1,2,0,3,1
731,22,4,3,2,1,1,1,2,1,7,1,9,2,2,1,2,2,2,0,3,1
732,22,4,3,2,1,2,1,2,1,7,1,10,2,10,2,1,2,1,0,3,1
733,22,4,3,2,1,1,1,2,1,10,1,1,2,2,1,2,3,1,0,3,1
734,22,4,2,1,2,1,1,2,1,1,1,3,1,1,1,1,0,1,1,3,1
735,22,4,1,2,1,3,1,2,1,9,1,6,2,2,1,2,1,2,0,3,1
736,22,4,3,2,2,3,1,2,1,9,2,2,1,1,1,2,0,2,0,3,1
737,22,4,3,2,2,2,1,2,1,4,1,4,2,3,1,2,3,3,0,3,1
738,22,4,3,2,1,2,1,2,1,10,1,4,2,5,2,2,0,3,0,3,1
739,22,4,3,2,1,2,1,2,1,4,2,2,2,1,1,2,1,0,0,3,1
740,22,4,3,2,1,3,1,2,1,1,1,4,2,5,1,1,1,2,0,3,1
741,22,4,3,1,2,1,1,2,1,9,1,5,2,10,2,2,2,1,0,3,1
742,22,4,2,2,1,3,2,4,1,10,1,9,2,5,2,1,0,2,0,3,1
743,22,4,3,2,1,2,2,4,1,10,1,2,2,1,1,1,2,1,0,3,1
744,22,4,2,1,2,1,2,4,1,10,1,4,2,7,2,2,1,1,0,3,1
745,22,4,1,1,2,1,2,4,1,9,1,1,2,1,1,2,0,1,1,3,1
746,22,4,2,1,2,2,2,4,1,2,1,1,2,1,1,2,0,2,0,3,1
747,22,4,1,1,2,2,2,4,1,10,1,4,2,7,2,2,1,1,0,3,1
748,22,4,2,1,2,3,2,4,1,2,1,7,1,1,1,2,0,0,0,3,1
749,22,4,1,2,3,0,2,3,1,9,1,10,2,10,2,2,2,3,1,3,1
750,22,4,1,2,1,2,1,2,1,9,1,2,2,4,2,1,0,3,1,3,1
751,22,4,1,2,1,2,1,2,1,2,1,1,2,10,2,2,0,1,0,3,1
752,22,4,2,2,3,1,1,2,2,3,1,5,2,3,2,2,2,1,0,3,1
753,22,4,1,1,2,1,1,2,1,10,1,10,2,9,2,2,3,3,0,3,1
754,22,4,1,1,2,3,1,2,1,10,1,10,2,9,2,2,3,2,0,3,1
755,22,4,2,2,1,2,1,2,1,10,1,6,2,3,2,1,0,1,0,3,1
756,22,4,1,2,1,2,1,2,1,2,2,10,2,1,2,2,0,2,1,3,1
757,22,4,1,1,2,3,1,2,1,10,2,10,2,9,2,2,3,2,0,3,1
758,22,4,1,1,2,1,1,2,1,10,2,10,2,9,2,2,3,0,0,3,1
759,22,4,2,2,1,1,1,2,1,7,2,4,1,1,1,2,0,0,0,3,1
760,22,4,1,2,1,1,1,2,1,7,2,11,2,1,1,2,2,3,0,3,1
761,22,4,1,2,2,2,2,3,1,9,2,10,2,10,2,2,2,3,1,3,1
762,22,4,1,2,1,1,1,2,1,9,1,2,2,4,2,2,0,3,1,3,1
763,22,4,1,2,1,2,1,2,1,2,1,1,2,10,1,2,0,1,0,3,1
764,22,4,2,2,3,1,1,2,2,3,2,4,2,3,2,2,2,0,0,3,1
765,22,4,1,1,3,1,1,2,1,10,2,10,2,9,2,2,3,2,0,3,1
766,22,4,1,1,2,3,1,2,1,10,2,10,2,9,2,1,3,2,0,3,1
767,22,4,2,2,3,1,1,2,1,10,2,6,2,3,1,1,2,1,0,3,1
768,22,4,1,2,3,1,1,2,1,2,2,10,2,1,2,2,0,3,1,3,1
769,22,4,1,1,3,3,1,2,1,10,1,10,2,9,2,2,3,2,0,3,1
770,22,4,1,1,3,2,1,2,1,10,2,10,2,9,2,2,3,1,0,3,1
771,22,4,2,2,1,2,1,2,1,10,1,4,2,1,2,1,0,0,0,3,1
772,22,4,1,2,3,1,1,2,1,7,2,11,2,1,2,1,2,2,0,3,1
773,22,4,4,1,2,0,2,3,1,10,1,9,2,9,2,1,3,3,0,3,1
774,22,4,4,1,3,0,2,1,1,10,2,10,2,9,2,1,3,2,0,3,1
775,22,4,4,1,3,2,2,1,1,10,2,10,2,9,2,1,3,1,0,3,1
776,22,4,1,1,1,3,2,3,1,7,1,10,2,9,2,1,0,0,0,3,1
777,22,4,4,1,3,1,2,3,1,6,1,8,2,8,2,1,1,0,0,3,1
778,22,4,4,1,3,2,2,1,1,2,2,6,2,9,2,1,1,0,0,3,1
779,22,4,4,1,3,2,2,1,1,1,2,7,2,9,2,1,1,0,0,3,1
780,22,4,2,1,2,0,2,1,1,6,1,8,2,9,2,1,0,2,0,3,1
781,22,4,4,1,2,0,2,1,1,1,2,6,2,9,2,2,3,2,0,3,1
782,22,4,4,1,3,2,2,1,1,9,2,6,2,2,2,1,2,1,0,3,1
783,22,4,2,1,3,2,2,1,1,5,1,8,2,10,2,1,1,1,0,3,1
784,22,4,4,1,1,1,2,3,1,1,1,6,2,1,1,1,0,1,0,3,1
785,22,4,4,1,3,1,2,1,1,1,2,7,2,7,1,1,3,1,1,3,1
786,22,4,4,2,1,2,1,2,1,6,1,4,2,6,2,2,1,3,0,3,1
787,22,8,4,2,2,1,2,3,1,2,1,6,2,2,1,2,3,0,0,3,2
788,22,8,1,2,3,0,1,2,1,1,1,4,2,1,1,2,0,2,0,3,2
789,22,9,4,2,3,2,1,2,1,11,1,5,2,2,1,2,3,0,0,3,2
790,5,9,4,2,2,1,1,2,1,1,1,4,2,1,1,1,3,1,0,6,2
791,5,15,4,1,3,1,1,2,2,10,1,10,1,3,1,2,0,1,0,6,0
792,5,15,4,2,3,1,1,2,2,4,1,2,2,2,1,1,3,0,0,6,0
793,5,16,4,1,3,2,1,2,2,7,3,1,1,1,1,2,2,2,0,6,0
794,5,16,4,1,3,2,1,1,1,2,1,9,1,2,1,2,1,1,1,6,0
795,5,17,4,2,3,1,2,1,1,2,1,4,2,1,2,1,3,2,0,6,0
796,5,17,4,1,2,2,1,4,1,1,1,10,1,1,1,1,3,1,1,6,0
797,5,17,4,1,2,1,2,2,1,2,3,4,1,3,1,1,0,3,1,6,0
798,5,17,4,1,2,2,2,4,1,3,1,10,2,1,1,1,0,3,0,6,0
799,5,18,4,1,2,1,1,3,2,10,1,10,2,5,1,2,1,1,0,6,0
800,5,19,3,2,2,2,1,2,1,5,1,10,2,6,2,1,1,2,0,6,0
801,5,20,4,1,3,1,1,2,2,10,1,5,1,4,1,1,0,2,0,6,3
802,5,20,4,1,2,2,1,2,2,10,1,9,1,1,1,2,0,0,0,6,3
803,5,20,4,2,1,1,1,2,1,5,1,10,2,1,1,1,0,1,0,6,3
804,5,20,4,1,2,3,1,2,1,8,3,7,1,7,1,2,0,1,1,6,3
805,5,20,3,1,2,1,1,2,1,4,3,3,2,1,1,2,3,0,0,6,3
806,5,20,4,2,2,0,1,2,1,2,1,10,2,1,1,1,1,2,0,6,3
